Giver, Reciver
Grandma, Staci
Grandpa, Logan
Tom, Kari
Lori, Victora
Kendall, Kyle
Alica, Elijah
Brianna, Trevor
Max MC, Amanda
Elijah, Steve
Doug, Jake
Staci, Pam
Jennifer, Max MC
Brigham, Doug
Rebecca, Grandma
Ben, Sean
Shari, Jasmine
Kirt, Lori
Jake, Shari
Kari, Alica
Amanda, Brigham
Brett, Randy
Steve, Lena
Pam, Brett
AJ, Ryan
Jayden(Boy), Tom
Jason, Ben
Victora, Kim
Kelsey, Jason
Tyler, Grandpa
Randy, Kirt
Kim, AJ
Darrin, Jacob
Jessika, Jennifer
Kyle, Jayden(Boy)
Ryan, Jessika
Trevor, Kendall
Logan, Lisa
Sean, Kelsey
Jasmine, Darrin
Lena, Rebecca
Lisa, Brianna
Jacob, Tyler
Grandma, Tom
Grandpa, Pam
Tom, Jacob
Lori, Jennifer
Kendall, Logan
Alica, Lisa
Brianna, Max MC
Max MC, Staci
Elijah, Kyle
Doug, Shari
Staci, Grandpa
Jennifer, Randy
Brigham, Grandma
Rebecca, Steve
Ben, Trevor
Shari, Kendall
Kirt, Ryan
Jake, Kirt
Kari, Elijah
Amanda, Kelsey
Brett, Jake
Steve, AJ
Pam, Amanda
AJ, Kim
Jayden(Boy), Darrin
Jason, Doug
Victora, Ben
Kelsey, Jason
Tyler, Lena
Randy, Brett
Kim, Kari
Darrin, Jessika
Jessika, Brianna
Kyle, Jasmine
Ryan, Sean
Trevor, Rebecca
Logan, Victora
Sean, Tyler
Jasmine, Brigham
Lena, Leanne
Lisa, Alica
Jacob, Lori
Leanne, Jayden(Boy)
